INSERT INTO image (id, image_path) VALUES
                                       (1 , '1/bench_press.png'),
                                       (2 , '2/cable_bench_press.png'),
                                       (3 , '3/converging_bench_press.png'),
                                       (4 , '4/incline_bench_press.png'),
                                       (5 , '5/cable_incline_bench_press.png'),
                                       (6 , '6/converging_incline_press.png'),
                                       (7 , '7/decline_bench_press.png'),
                                       (8 , '8/cable_decline_bench_press.png'),
                                       (9 , '9/converging_decline_bench_press.png'),
                                       (10, '10/self_stabilizing_chest_press.png'),
                                       (11, '11/cable_pec_fly.png'),
                                       (12, '12/cable_incline_fly.png'),
                                       (13, '13/cable_low_fly.png'),
                                       (14, '14/shoulder_press.png'),
                                       (15, '15/cable_shoulder_press.png'),
                                       (16, '16/converging_shoulder_press.png'),
                                       (17, '17/cable_lateral_raise.png'),
                                       (18, '18/cable_front_raise.png'),
                                       (19, '19/standing_cable_lateral_raise.png'),
                                       (20, '20/standing_front_raise.png'),
                                       (21, '21/upright_row.png'),
                                       (22, '22/shrugs.png'),
                                       (23, '23/external_rotator.png'),
                                       (24, '24/internal_rotator.png'),
                                       (25, '25/lat_pull_down.png'),
                                       (26, '26/low_cable_row.png'),
                                       (27, '27/mid_row.png'),
                                       (28, '28/one_arm_row.png'),
                                       (29, '29/front_lat_pullover.png'),
                                       (30, '30/seated_cable_mid_row.png'),
                                       (31, '31/self_stabilizing_mid_row.png'),
                                       (32, '32/cable_arm_curl.png'),
                                       (33, '33/standing_bar_curl.png'),
                                       (34, '34/overhead_biceps_curl.png'),
                                       (35, '35/arm_curl_mid_pulley.png'),
                                       (36, '36/triceps_pushdown.png'),
                                       (37, '37/triceps_extension.png'),
                                       (38, '38/triceps_extension_high.png'),
                                       (39, '39/triceps_kickback.png'),
                                       (40, '40/ab_crunch.png'),
                                       (41, '41/reverse_crunch.png'),
                                       (42, '42/oblique_twist.png'),
                                       (43, '43/side_bends.png'),
                                       (44, '44/leg_extension.png'),
                                       (45, '45/standing_leg_curl.png'),
                                       (46, '46/seated_leg_curl.png'),
                                       (47, '47/leg_press.png'),
                                       (48, '48/calf_raise.png'),
                                       (49, '49/hip_adduction.png'),
                                       (50, '50/hip_abduction.png'),
                                       (51, '51/glute_kick.png'),
                                       (52, '52/golf_swing.png'),
                                       (53, '53/tennis_swing.png'),
                                       (54, '54/baseball_pitch.png');

INSERT INTO exercise
        (id, name_en, name_pl, description_en, description_pl, difficulty, target_muscle, cover_id) VALUES
    (1 , 'Bench Press',              'Wyciskanie na ławce',         'Press handles from chest while seated upright; avoid locking.',     'Wypchnij uchwyty znad klatki piersiowej, nie blokuj łokci.',      2, 1,  1),
    (2 , 'Cable Bench Press',        'Wyciskanie linkami',          'Same motion using functional-arm cables at chest level.',           'Ten sam ruch przy użyciu ramion kablowych na wysokości klatki.',  2, 1,  2),
    (3 , 'Converging Bench Press',   'Wyciskanie zbieżne',          'Arms converge toward mid-line during press with cables.',           'Ramiona zbiegają się do środka w trakcie wyciskania.',            2, 1,  3),
    (4 , 'Incline Bench Press',      'Wyciskanie skośne',           'Seat inclined; press upward 45° targeting upper chest.',            'Ławka skośna; wypychaj uchwyty pod kątem 45°.',                   2, 1,  4),
    (5 , 'Cable Incline Bench Press','Wyciskanie skośne linkami',   'Incline position with cables; press up and forward.',               'Wypychaj linki w górę i przód w pozycji skośnej.',                2, 1,  5),
    (6 , 'Converging Incline Press', 'Wyciskanie skośne zbieżne',   'Incline cable press while bringing hands together.',                'Skośnie wyciskaj linki zbieżnie ku sobie.',                       2, 1,  6),
    (7 , 'Decline Bench Press',      'Wyciskanie ujemne',           'Seat low; press downward parallel to floor.',                       'Niska pozycja; wypychaj uchwyty równolegle do podłogi.',          2, 1,  7),
    (8 , 'Cable Decline Bench Press','Wyciskanie ujemne linkami',   'Decline angle with cables; press parallel to floor.',               'Ujemny kąt; wypychaj linki równolegle do podłogi.',               2, 1,  8),
    (9 , 'Converging Decline Press', 'Wyciskanie ujemne zbieżne',   'Decline cable press converging at finish.',                         'Ujemne wyciskanie linkami ze zbieżnym zakończeniem.',             2, 1,  9),
    (10, 'Self Stabilizing Chest Press','Wyciskanie bez oparcia',   'Seated forward, no back support; engages core with press.',         'Brak oparcia – klatka + mięśnie stabilizujące.',                  3, 1, 10),
    (11, 'Cable Pec Fly',            'Rozpiętki linkami',           'Wide arms; bring handles together in arc at chest height.',         'Szerokie ramiona; zbliż uchwyty łukiem na wysokości klatki.',     2, 1, 11),
    (12, 'Cable Incline Fly',        'Rozpiętki skośne linkami',    'Arc upward from low-wide position to above chest.',                 'Łuk w górę z pozycji niskiej na wysokość klatki.',                2, 1, 12),
    (13, 'Cable Low Fly',            'Rozpiętki dolne linkami',     'From low pulleys raise and converge to chest level.',               'Z niskich bloczków unoszenie i zbieganie na wysokość klatki.',    2, 1, 13),
    (14, 'Shoulder Press',           'Wyciskanie barków',           'Press overhead with seat set to shoulder position.',                'Wyciskaj nad głowę w pozycji barkowej.',                         2, 2, 14),
    (15, 'Cable Shoulder Press',     'Wyciskanie barków linkami',   'Overhead press using vertical cables.',                             'Wyciskanie nad głowę przy użyciu kabli.',                         2, 2, 15),
    (16, 'Converging Shoulder Press','Wyciskanie barków zbieżne',   'Cable shoulder press bringing hands together overhead.',            'Wersja zbieżna; dłonie spotykają się nad głową.',                  2, 2, 16),
    (17, 'Cable Lateral Raise',      'Unoszenie bokiem linkami',    'Raise straight arms sideways from low pulleys.',                    'Unoszenie wyprostowanych ramion bokiem.',                         2, 2, 17),
    (18, 'Cable Front Raise',        'Unoszenie w przód linkami',   'Raise straight arms forward from low cables.',                      'Unoszenie wyprostowanych ramion w przód.',                        2, 2, 18),
    (19, 'Standing Cable Lateral Raise','Stojące unoszenie bokiem', 'Single-arm side raise standing beside pulley.',                     'Jednorącz unoszenie bokiem w staniu.',                            2, 2, 19),
    (20, 'Standing Front Raise',     'Stojące unoszenie w przód',   'Straight-bar front raise using chain on low pulley.',               'Unoszenie drążka w przód z dolnego bloczka.',                     2, 2, 20),
    (21, 'Upright Row',              'Wiosłowanie pionowe',         'Pull bar upward to clavicle keeping elbows high.',                  'Podciągaj drążek pionowo do obojczyków.',                         2, 2, 21),
    (22, 'Shrugs',                   'Szrugsy',                     'Elevate shoulders upward & rearward holding bar at arms length.',  'Wzruszanie barkami z drążkiem w rękach.',                        1, 2, 22),
    (23, 'External Rotator',         'Rotacja zewnętrzna',          'Rotate forearm away from body with elbow at side.',                'Rotuj ramię na zewnątrz, łokieć przy tułowiu.',                   1, 2, 23),
    (24, 'Internal Rotator',         'Rotacja wewnętrzna',          'Rotate forearm toward mid-line with elbow at side.',               'Rotuj ramię do wewnątrz, łokieć przy tułowiu.',                   1, 2, 24),
    (25, 'Lat Pull Down',            'Ściąganie drążka wyciągu',    'Wide-grip pull from overhead to upper chest.',                      'Szerokim chwytem ściągnij drążek do klatki.',                     2, 3, 25),
    (26, 'Low Cable Row',            'Wiosłowanie dolnym bloczkiem','Seated row pulling bar to abdomen; torso fixed.',                   'Siedząc, przyciągnij drążek do brzucha.',                         2, 3, 26),
    (27, 'Mid Row',                  'Wiosłowanie środkowe',        'Press-arm row from chest height; squeeze scapulae.',                'Wiosłowanie ramieniem prasy; ściągnij łopatki.',                  2, 3, 27),
    (28, 'One Arm Row',              'Wiosłowanie jednorącz',       'Bent-over row using single low-pulley handle.',                     'Pochylone wiosłowanie jedną ręką.',                               2, 3, 28),
    (29, 'Front Lat Pullover',       'Przyciąganie drążka w dół',    'Straight-arm pullover from high pulley to thighs.',                'Proste ręce – ściąganie drążka do ud.',                           2, 3, 29),
    (30, 'Seated Cable Mid Row',     'Siedzące wiosłowanie środkowe','Row from mid pulley leaning slightly back.',                       'Wiosłowanie z bloczka środkowego w lekkim odchyleniu.',           2, 3, 30),
    (31, 'Self Stabilizing Mid Row', 'Wiosłowanie bez oparcia',     'Standing mid-row engaging core; no seat support.',                  'Wiosłowanie na stojąco, praca mięśni stabilizujących.',           3, 3, 31),
    (32, 'Cable Arm Curl',           'Uginanie ramion linkami',     'Seated curl from low cables; elbows fixed.',                        'Siedzące uginanie przedramion z kablami.',                        2, 4, 32),
    (33, 'Standing Bar Curl',        'Uginanie ramion drążkiem',    'Standing curl using straight bar on chain.',                        'Stojące uginanie z drążkiem na łańcuchu.',                        2, 4, 33),
    (34, 'Overhead Biceps Curl',     'Uginanie zza głowy',          'Curl bar behind head from high pulley while seated.',               'Uginanie drążka zza głowy z górnego bloczka.',                    3, 4, 34),
    (35, 'Arm Curl From Mid Pulley', 'Uginanie z bloczka środkowego','Lean back; curl straight bar toward face.',                        'Odchyl się i przyciągnij drążek do twarzy.',                      2, 4, 35),
    (36, 'Triceps Pushdown',         'Prostowanie ramion drążkiem', 'Push bar down from high pulley keeping elbows fixed.',             'Prostowanie przedramion na wyciągu górnym.',                      2, 4, 36),
    (37, 'Triceps Extension',        'Prostowanie ramion siedząc',  'Seated mid-pulley extension; upper arms horizontal.',               'Prostowanie z bloczkiem środkowym, ramiona równolegle.',          2, 4, 37),
    (38, 'Triceps Extension From High Pulley','Prostowanie ramion górne','Forward-lean seated; extend from high pulley.',              'Pochylone prostowanie z górnego bloczka.',                       2, 4, 38),
    (39, 'Triceps Kickback',         'Kick-back triceps',           'Bent-over single-arm extension to rear using low cable.',           'Pochylone prostowanie jednej ręki do tyłu.',                      3, 4, 39),
    (40, 'Ab Crunch',                'Spięcia brzucha',             'Seated crunch using overhead strap; flex trunk forward.',           'Siedzące spięcia z pasem nad głową.',                             2, 5, 40),
    (41, 'Reverse Crunch',           'Uginanie kolan w siadzie',    'Raise knees toward chest while seated, gripping seat.',             'Przyciągnij kolana do klatki siedząc.',                           2, 5, 41),
    (42, 'Oblique Twist',            'Skręty tułowia',              'Stand beside high pulley; rotate torso against resistance.',       'Stojąc przy bloczku górnym skręcaj tułów.',                       2, 5, 42),
    (43, 'Side Bends',               'Skłony boczne',               'Hold low-pulley handle at side; bend laterally away.',              'Z uchwytem przy boku pochyl się na bok.',                         2, 5, 43),
    (44, 'Leg Extension',            'Prostowanie nóg',             'Seated extend knees to horizontal using roller pads.',              'Wyciskaj nogi w górę na maszynie przedniej.',                     2, 6, 44),
    (45, 'Standing Leg Curl',        'Uginanie nóg stojąc',         'Curl one leg upward behind while standing against machine.',       'Uginaj jedną nogę w tył stojąc.',                                 2, 6, 45),
    (46, 'Seated Leg Curl',          'Uginanie nóg siedząc',        'Elite model: seated curl with shin pads locked.',                   'Uginanie nóg siedząc z wałkami na piszczelach.',                  2, 6, 46),
    (47, 'Leg Press',                'Wyciskanie nogami',           'Press footplate away from body; avoid locking knees.',              'Wyciskanie platformy nogami – nie blokuj kolan.',                 3, 6, 47),
    (48, 'Calf Raise',               'Wspięcia na palce',           'From leg-press position push through balls of feet.',               'Wypychanie platformy pracując stawem skokowym.',                  2, 6, 48),
    (49, 'Hip Adduction',            'Przywodzenie biodra',         'Pull strapped leg inward across support leg.',                      'Przyciągaj obciążoną nogę do wewnątrz.',                          2, 6, 49),
    (50, 'Hip Abduction',            'Odwodzenie biodra',           'Move strapped leg outward away from body.',                        'Odwodź obciążoną nogę na zewnątrz.',                              2, 6, 50),
    (51, 'Glute Kick',               'Wykop tylny',                 'Extend hip backward with strapped ankle.',                          'Wyprostuj nogę w tył, angażując pośladek.',                       2, 6, 51),
    (52, 'Golf Swing',               'Zamach golfowy',              'Simulated golf swing using single functional arm.',                 'Symulacja zamachu golfowego na kablu.',                           2, 7, 52),
    (53, 'Tennis Swing',             'Zamach tenisowy',             'Backhand/forehand swing against resistance arm.',                   'Symulacja zamachu tenisowego na kablu.',                          2, 7, 53),
    (54, 'Baseball Pitch',           'Rzut baseballowy',            'Throwing motion with mid/high pulley handle.',                      'Ruch miotacza baseballowego z uchwytem.',                         2, 7, 54);

INSERT INTO exercise_image (exercise_id, image_id) VALUES
                                                       (1 ,1 ), (2 ,2 ), (3 ,3 ), (4 ,4 ), (5 ,5 ), (6 ,6 ), (7 ,7 ), (8 ,8 ), (9 ,9 ),
                                                       (10,10), (11,11), (12,12), (13,13), (14,14), (15,15), (16,16), (17,17), (18,18),
                                                       (19,19), (20,20), (21,21), (22,22), (23,23), (24,24), (25,25), (26,26), (27,27),
                                                       (28,28), (29,29), (30,30), (31,31), (32,32), (33,33), (34,34), (35,35), (36,36),
                                                       (37,37), (38,38), (39,39), (40,40), (41,41), (42,42), (43,43), (44,44), (45,45),
                                                       (46,46), (47,47), (48,48), (49,49), (50,50), (51,51), (52,52), (53,53), (54,54);
